{
    "RMSE": 17243236.716755625,
    "MSE": 297329212470069.25,
    "R2": 0.6030373631999371
}